{"cameraMode":{"drawMode":0,"name":"Shaded","section":"Shading Mode"},"sceneLighting":true,"audioPlay":false,"sceneViewState":{"showFog":true,"showMaterialUpdate":false,"showSkybox":true,"showFlares":true,"showImageEffects":true,"showParticleSystems":true},"in2DMode":false,"pivot":{"x":43.99921417236328,"y":-49.76649475097656,"z":-47.531951904296878},"rotation":{"x":0.038601744920015338,"y":0.9433062076568604,"z":-0.30769896507263186,"w":0.11834060400724411},"size":57.79368591308594,"orthographic":false}