{"cameraMode":{"drawMode":0,"name":"Shaded","section":"Shading Mode"},"sceneLighting":true,"audioPlay":false,"sceneViewState":{"showFog":true,"showMaterialUpdate":false,"showSkybox":true,"showFlares":true,"showImageEffects":true,"showParticleSystems":true},"in2DMode":false,"pivot":{"x":-7.265369415283203,"y":3.458669662475586,"z":12.900308609008789},"rotation":{"x":-0.14643150568008424,"y":-0.8309264183044434,"z":0.258680522441864,"w":-0.47034117579460146},"size":21.810916900634767,"orthographic":false}